Dr.|Henry|Williams|Canadian|Manitoba|Canada|henry.williams@yahoo.com|485-555-4532|White
Mr.|John|Smith|American|Texas|Uninted States|john.smith@yahoo.com|235-555-9582|Black
Mr.|Regan|Johnson|American|Washington|Uninted States|regan.johnson@yahoo.com|762-555-2795|White
Mrs.|Veronica|Williams|Canadian|Manitoba|Canada|veronica.williams@yahoo.com|485-555-4532|White
Ms.|Aiko|Akamine|Japanese|Kyoto|Japan|aiko.akamine@yahoo.com|112-555-9645|Asian
Ms.|Debra|Reynolds|American|Illinois|Uninted States|debra.reynolds@yahoo.com|654-555-7538|Black
Mr.|Thomas|Farnham|American|Texas|USA|email@web.com|555-555-5555|White
